"customer_name","total_sales","total_profit","sales_rank","profit_rank"
"Seth Vernon","8582.823","589.7085","1","81"
"Brenda Bowman","6765.728","1015.0750","2","18"
"Joel Eaton","6760.815","221.7967","3","347"
"Clay Ludtke","6526.106","1123.3649","4","12"
"Zuschuss Carroll","6509.507","-1426.3610","5","787"
"Natalie Fritzler","6297.466","-2303.5794","6","791"
"Brosina Hoffman","6255.351","802.7898","7","34"
"Rob Lucas","6234.910","488.1484","8","132"
"William Brown","6160.102","714.3311","9","53"
"Victoria Wilson","6134.038","-874.6645","10","779"
"Cassandra Brandow","6076.139","150.2089","11","436"
"Shahid Collister","5992.536","236.6615","12","329"
"Ken Lonsdale","5987.579","479.3490","13","138"
"Christine Phan","5888.275","-1850.3029","14","789"
"John Lee","5774.958","543.9106","15","106"
"Ross Baird","5633.316","-461.7332","16","766"
"Dan Reichenbach","5628.124","1245.9009","17","5"
"Suzanne McNair","5563.392","581.5742","18","84"
"Jonathan Doherty","5506.314","355.7653","19","205"
"Mick Hernandez","5503.093","170.9746","20","414"
"Emily Phan","5478.061","144.9578","21","440"
"Stefania Perrino","5440.319","-270.4282","22","736"
"Edward Hooks","5398.290","1197.0118","23","8"
"Thomas Seio","5371.090","862.8877","24","24"
"Steven Cartwright","5226.210","1276.6513","25","4"
"Laura Armstrong","5168.322","1358.1399","26","1"
"James Galang","5100.542","858.6924","27","25"
"Mike Pelletier","5087.920","226.4529","28","343"
"Anna Andreadi","5086.935","857.8033","29","26"
"Maria Etezadi","5065.980","886.2671","30","20"
"Valerie Dominguez","5042.324","1015.8175","31","17"
"Ivan Liston","5040.736","1121.9370","32","13"
"Kelly Lampkin","5016.488","-182.7813","33","710"
"Helen Wasserman","4969.174","831.1987","34","31"
"Dave Hallsten","4932.872","1193.7404","35","9"
"Irene Maddox","4930.474","514.6527","36","119"
"Ted Trevino","4915.602","751.9567","37","44"
"Kunst Miller","4909.472","745.7685","38","46"
"Paul Prost","4903.788","1095.7860","39","14"
"Philisse Overcash","4893.043","1155.4331","40","11"
"Dean percer","4876.861","-781.1472","41","776"
"Joe Kamberova","4867.200","55.0483","42","566"
"Peter Fuller","4834.160","-772.8707","43","775"
"Dean Katz","4802.394","209.8994","44","364"
"Justin Deggeller","4796.731","565.8981","45","97"
"Russell Applegate","4793.543","304.8673","46","254"
"Jim Epp","4755.026","183.4259","47","402"
"Keith Herrera","4752.883","221.1249","48","348"
"Brian Moss","4746.075","1313.9310","49","2"
"Rick Bensley","4715.466","640.5466","50","67"
"Erin Smith","4657.924","246.6661","51","317"
"Kean Thornton","4642.088","194.0671","52","390"
"Lena Creighton","4612.750","144.4559","53","444"
"Dave Brooks","4531.646","473.0272","54","141"
"Anthony Rawles","4523.336","494.8352","55","128"
"Arthur Gainer","4510.797","343.6824","56","215"
"Anthony Johnson","4501.391","1158.7064","57","10"
"Linda Cazamias","4492.946","288.2660","58","265"
"Stewart Carmichael","4492.657","-671.1874","59","771"
"Natalie Webber","4434.070","8.1433","60","621"
"Joe Elijah","4387.537","320.0202","61","240"
"Arianne Irving","4375.786","867.7271","62","23"
"Caroline Jumper","4361.104","-301.2441","63","744"
"Gary Zandusky","4355.150","1087.7539","64","15"
"Pete Kriz","4341.382","585.1438","65","82"
"Natalie DeCherney","4326.139","353.6455","66","206"
"Naresj Patel","4312.052","752.3010","67","43"
"Matt Abelman","4299.161","1240.2266","68","6"
"Nora Preis","4292.335","495.8214","69","127"
"Sung Pak","4282.940","566.7226","70","96"
"Dana Kaydos","4282.176","937.6496","71","19"
"Greg Tran","4279.584","838.4006","72","28"
"Rick Duston","4272.930","480.5940","73","137"
"Toby Carlisle","4266.812","606.3727","74","76"
"Alan Schoenberger","4260.784","719.7751","75","51"
"Frank Hawley","4256.272","1073.2676","76","16"
"Tracy Hopkins","4234.096","-571.9678","77","769"
"Roland Schwarz","4159.770","1206.3851","78","7"
"Muhammed Yedwab","4152.696","-371.7111","79","756"
"Stewart Visinsky","4105.305","485.0272","80","133"
"Anne McFarland","4059.122","604.2626","81","77"
"Frank Preis","4046.746","406.4473","82","175"
"Mitch Webber","3991.990","576.9661","83","90"
"Susan Pistek","3990.689","14.6924","84","611"
"Craig Molinari","3984.452","176.3108","85","408"
"Michael Paige","3983.642","638.1563","86","69"
"Sanjit Jacobs","3949.656","144.1189","87","445"
"Lena Radford","3942.916","100.4851","88","506"
"Katherine Murray","3932.386","231.1582","89","333"
"Luke Foster","3930.509","-3583.9770","90","793"
"Yana Sorensen","3926.916","835.4766","91","29"
"Ken Heidel","3918.966","727.3786","92","49"
"Chris Cortes","3913.418","393.9618","93","180"
"Dorothy Badders","3908.803","109.3270","94","493"
"Nora Paige","3908.402","514.6002","95","120"
"Todd Sumrall","3891.831","144.7373","96","442"
"Bill Stewart","3887.834","-17.5322","97","647"
"John Stevenson","3868.020","564.9798","98","98"
"Laurel Beltran","3854.354","-431.1092","99","763"
"Karen Ferguson","3853.794","674.2594","100","62"
"Fred Hopkins","3837.266","569.8155","101","95"
"Ruben Ausman","3832.314","1292.8656","102","3"
"Olvera Toch","3818.624","-925.1203","103","780"
"Rose O'Brian","3815.478","-1262.5716","104","783"
"Michael Chen","3805.714","698.4174","105","59"
"Michael Moore","3794.080","82.1250","106","531"
"Matthew Grinstein","3785.276","341.8980","107","218"
"Maribeth Dona","3766.382","-241.9500","108","724"
"Jim Karlsson","3760.028","750.9485","109","45"
"Frank Merwin","3736.198","198.1095","110","385"
"Amy Cox","3733.866","522.8392","111","116"
"Scott Cohen","3729.793","671.0034","112","63"
"Ben Peterman","3675.861","363.5991","113","201"
"Liz Preis","3653.399","338.4454","114","221"
"Christopher Schild","3651.859","-342.8033","115","753"
"Ed Braxton","3644.978","13.6215","116","612"
"Jeremy Pistek","3635.594","757.1802","117","40"
"Anna Häberlin","3633.094","257.8806","118","304"
"Becky Martin","3629.678","-299.9661","119","743"
"Sam Zeldin","3625.329","366.4303","120","197"
"Gary McGarr","3582.820","347.2660","121","210"
"Darrin Martin","3545.143","305.4127","122","253"
"Dionis Lloyd","3539.322","-52.7880","123","667"
"Keith Dawkins","3537.456","809.6014","124","32"
"Robert Waldorf","3495.646","707.5503","125","56"
"Anna Gayman","3489.040","-246.4257","126","726"
"Tonja Turnell","3484.848","579.3115","127","88"
"Adrian Barton","3476.861","1.6490","128","627"
"Sanjit Engle","3459.488","-149.3071","129","702"
"Pauline Webber","3454.916","803.8169","130","33"
"Ben Ferrer","3437.002","434.7255","131","159"
"Rick Wilson","3420.461","508.8634","132","123"
"Sally Hughsby","3406.840","558.4740","133","101"
"Sandra Glassco","3406.581","570.4380","134","94"
"Adam Bellavance","3400.452","639.1589","135","68"
"Karen Daniels","3382.428","-1293.2705","136","784"
"Trudy Schmidt","3368.094","220.9163","137","349"
"Tamara Willingham","3365.426","335.5765","138","223"
"Sam Craven","3362.964","-317.0508","139","747"
"Victoria Pisteka","3360.526","-1018.7768","140","782"
"Sample Company A","3344.604","595.7547","141","79"
"Dianna Vittorini","3341.587","353.2127","142","207"
"Harry Marie","3336.835","135.0165","143","460"
"Sylvia Foulston","3336.535","539.9352","144","108"
"Dan Campbell","3336.168","-1441.6313","145","788"
"Arthur Prichep","3323.556","579.3113","146","89"
"Dennis Kane","3318.486","377.0799","147","192"
"Katharine Harms","3312.864","454.7871","148","147"
"Randy Ferguson","3309.150","633.7072","149","72"
"Rick Reed","3302.262","721.6826","150","50"
"Brian Dahlen","3288.471","634.8463","151","71"
"Brian Stugart","3288.110","238.7368","152","327"
"Rob Williams","3279.746","698.8325","153","58"
"Daniel Lacy","3272.200","4.2132","154","624"
"Damala Kotsonis","3256.480","881.1228","155","21"
"Adam Shillingsburg","3255.310","64.5374","156","549"
"Adam Hart","3250.337","281.1890","157","269"
"Henry Goldwyn","3247.642","-2797.9635","158","792"
"Carol Triggs","3241.898","161.2263","159","426"
"Edward Becker","3236.314","-80.2860","160","679"
"Lindsay Williams","3230.308","662.8339","161","64"
"Alan Hwang","3227.404","551.1434","162","104"
"Ricardo Sperren","3221.290","633.4514","163","73"
"Mark Packer","3206.132","600.2873","164","78"
"Christine Sundaresam","3202.162","831.9432","165","30"
"Brian Thompson","3196.752","447.7484","166","150"
"Greg Matthias","3163.628","35.4865","167","583"
"Janet Martin","3159.122","19.8235","168","607"
"Chloris Kastensmidt","3154.855","141.2831","169","449"
"Karen Bern","3152.615","763.9076","170","37"
"Bill Donatelli","3150.681","324.1517","171","234"
"Maxwell Schwartz","3144.678","280.8584","172","270"
"Ruben Dartt","3133.924","455.5292","173","146"
"Tanja Norvell","3130.221","-692.0452","174","772"
"Anthony Jacobs","3130.164","-353.0692","175","754"
"Steve Nguyen","3127.959","481.7499","176","136"
"Speros Goranitis","3124.832","463.2690","177","143"
"Alan Dominguez","3106.930","489.9524","178","131"
"Patrick O'Brill","3105.932","-289.1165","179","739"
"Katherine Hughes","3100.612","528.2051","180","112"
"Eugene Moren","3088.486","869.3805","181","22"
"Patrick Gardner","3086.907","137.4613","182","455"
"Eugene Hildebrand","3082.653","96.2702","183","514"
"Gary Mitchum","3078.624","793.2814","184","35"
"John Murray","3076.266","346.4377","185","211"
"Jim Kriz","3072.634","429.8983","186","163"
"Eugene Barchas","3071.126","184.7656","187","401"
"Mike Gockenbach","3061.543","-93.6030","188","683"
"Kean Takahito","3057.100","254.0032","189","307"
"Shahid Shariari","3056.807","-1010.9738","190","781"
"Sara Luxemburg","3053.012","527.9715","191","113"
"Aaron Smayling","3050.692","-253.5746","192","729"
"Cynthia Arntzen","3041.566","204.4895","193","374"
"Carlos Soltero","3036.547","-126.4223","194","694"
"Giulietta Baptist","3026.248","713.3293","195","54"
"Lindsay Shagiari","2988.674","262.6367","196","295"
"Michelle Huthwaite","2984.948","476.9032","197","140"
"Frank Atkinson","2984.054","520.5229","198","118"
"David Bremer","2973.094","-1421.7692","199","786"
"Noel Staavos","2964.823","-234.7714","200","722"
"Tamara Manning","2955.226","573.3013","201","93"
"Daniel Raglin","2950.958","277.1192","202","279"
"Christine Kargatis","2945.321","261.2209","203","297"
"Thea Hudgings","2942.772","-252.5539","204","728"
"Liz Thompson","2936.252","320.9730","205","238"
"Becky Castell","2933.676","251.5974","206","308"
"Julie Kriz","2932.484","122.6566","207","467"
"Maris LaWare","2921.500","-76.1755","208","677"
"Rob Dowd","2912.894","734.5158","209","48"
"Craig Yedwab","2900.026","60.6467","210","555"
"Sanjit Chand","2898.404","283.7658","211","267"
"Neil Ducich","2893.455","443.3368","212","151"
"Barry Französisch","2888.506","302.0200","213","255"
"David Smith","2881.813","163.6993","214","421"
"Paul Van Hugh","2876.046","434.5284","215","160"
"Chuck Clark","2870.050","424.6583","216","167"
"Theone Pippenger","2867.366","716.5867","217","52"
"Craig Carroll","2854.115","850.1591","218","27"
"Arthur Wiediger","2852.968","-104.5486","219","689"
"Harold Ryan","2848.827","356.9644","220","203"
"Erin Ashbrook","2846.705","-52.7406","221","666"
"Linda Southworth","2845.270","-318.7737","222","748"
"Darren Budd","2839.227","213.0029","223","358"
"Justin MacKendrick","2833.926","754.1144","224","42"
"Christina VanderZanden","2830.628","493.0861","225","129"
"Troy Staebel","2820.424","-294.6981","226","741"
"Gary Hansen","2819.467","-576.8335","227","770"
"Barry Gonzalez","2798.948","-711.4274","228","773"
"Trudy Brown","2797.668","379.8820","229","189"
"John Castell","2772.055","279.5692","230","275"
"Philip Fox","2770.000","196.8739","231","386"
"Emily Burns","2767.219","261.5315","232","296"
"Chris Selesnick","2754.216","738.3626","233","47"
"Michelle Moray","2749.881","-520.3443","234","768"
"Ken Black","2744.742","579.3551","235","87"
"Lauren Leatherbury","2741.204","560.0078","236","100"
"Marc Crier","2725.982","461.0014","237","144"
"John Lucas","2725.256","779.9046","238","36"
"Marina Lichtenstein","2722.843","684.9162","239","60"
"Jay Kimmel","2709.632","330.2838","240","229"
"Bradley Talbott","2684.492","409.4983","241","173"
"Bill Overfelt","2682.728","278.7770","242","276"
"Claudia Bergmann","2682.166","642.8447","243","66"
"Frank Olsen","2678.438","215.5969","244","356"
"Nicole Hansen","2673.290","760.1666","245","39"
"Richard Bierner","2663.086","477.2399","246","139"
"Eva Jacobs","2656.691","451.8755","247","149"
"Dave Kipp","2650.557","536.3935","248","110"
"Christina Anderson","2648.287","279.6183","249","274"
"Jane Waco","2637.754","267.2244","250","292"
"Logan Currie","2633.582","231.1252","251","334"
"Ralph Arnett","2617.906","546.0882","252","105"
"Katherine Nockton","2617.272","-151.1518","253","703"
"Sean O'Donnell","2602.576","-81.0858","254","680"
"Jill Fjeld","2598.412","321.2464","255","237"
"Stephanie Ulpright","2595.364","763.4719","256","38"
"Helen Andreada","2584.158","99.1445","257","508"
"Lena Cacioppo","2580.704","-188.2511","258","713"
"Deborah Brumfield","2576.497","259.5944","259","302"
"Steve Chapman","2576.408","611.8291","260","75"
"Neola Schneider","2575.863","-12.3040","261","644"
"Beth Thompson","2567.656","417.5918","262","170"
"Eleni McCrary","2567.010","-133.8275","263","696"
"Bruce Stewart","2562.382","-113.2984","264","691"
"Nick Crebassa","2544.765","533.1739","265","111"
"Corey Catlett","2540.631","331.4340","266","228"
"Mitch Willingham","2537.946","389.0289","267","184"
"Ann Chong","2537.686","298.8273","268","256"
"Charles McCrossin","2533.314","-394.3686","269","759"
"Herbert Flentye","2533.164","-13.8768","270","646"
"Fred McMath","2523.266","191.4898","271","395"
"Yoseph Carroll","2520.020","513.3599","272","122"
"Julia Barnett","2518.115","201.5185","273","378"
"Joy Smith","2516.494","-311.2575","274","746"
"Don Jones","2501.688","345.2521","275","212"
"Amy Hunt","2495.392","-196.1201","276","714"
"Patrick O'Donnell","2493.214","437.8533","277","156"
"Kristen Hastings","2490.869","317.5273","278","245"
"Nick Zandusky","2488.310","402.4236","279","177"
"Sean Braxton","2477.951","-1320.7523","280","785"
"Michael Nguyen","2477.946","290.8227","281","262"
"Heather Kirkland","2477.824","386.9546","282","186"
"Beth Paige","2475.157","-319.0637","283","749"
"George Ashbrook","2472.126","421.0805","284","169"
"Charles Crestani","2471.650","392.2825","285","181"
"Nathan Mautz","2467.364","755.6949","286","41"
"Nat Carroll","2461.404","580.3075","287","86"
"Filia McAdams","2456.638","249.6808","288","312"
"Mark Hamilton","2456.182","484.7733","289","134"
"Brendan Sweed","2454.928","381.7807","290","187"
"Valerie Mitchum","2454.866","513.5269","291","121"
"Michelle Arnett","2453.284","280.7822","292","271"
"Bart Pistole","2442.044","433.9751","293","161"
"Matt Collister","2426.067","288.9841","294","263"
"Thea Hendricks","2422.824","-135.2125","295","698"
"Sean Miller","2404.570","-169.6609","296","708"
"Marc Harrigan","2394.025","28.7612","297","594"
"David Flashing","2390.534","-259.3097","298","730"
"Xylona Preis","2374.658","621.2300","299","74"
"Hunter Lopez","2373.328","582.4436","300","83"
"Clytie Kelty","2372.750","497.7098","301","125"
"Cynthia Voltz","2370.314","98.9975","302","509"
"Nick Radford","2367.277","-25.1488","303","655"
"Andrew Gjertsen","2356.855","295.6668","304","257"
"Corinna Mitchell","2354.708","212.4684","305","359"
"Craig Leslie","2353.586","229.0099","306","339"
"Maureen Gastineau","2350.188","25.8886","307","599"
"Resi Pölking","2345.244","-208.6313","308","719"
"Roland Fjeld","2341.296","711.6168","309","55"
"Elizabeth Moffitt","2339.598","682.5542","310","61"
"Dean Braden","2332.577","169.9679","311","415"
"Shirley Daniels","2308.144","78.6822","312","533"
"Chris McAfee","2305.712","365.0387","313","200"
"Michael Kennedy","2302.368","-405.3559","314","761"
"Lena Hernandez","2295.332","526.0727","315","114"
"Kristina Nunn","2280.580","329.7625","316","231"
"Jamie Frazer","2279.586","575.1259","317","91"
"Bill Eplett","2275.896","658.3985","318","65"
"Fred Harton","2271.284","706.2890","319","57"
"Craig Carreira","2269.702","187.8399","320","398"
"Kalyca Meade","2260.958","635.1057","321","70"
"Matt Connell","2258.192","195.4486","322","387"
"Justin Hirsh","2256.394","-96.9530","323","687"
"Maribeth Yedwab","2254.285","319.1211","324","241"
"Fred Chung","2248.666","254.8966","325","306"
"Ken Dana","2243.510","539.7219","326","109"
"Tony Sayre","2243.274","11.3779","327","617"
"Jason Gross","2240.580","3.7976","328","625"
"Laurel Workman","2238.061","32.5767","329","589"
"Maribeth Schnelling","2237.276","144.6969","330","443"
"Allen Rosenblatt","2236.128","-98.7646","331","688"
"Greg Guthrie","2224.000","12.6985","332","613"
"Nathan Cano","2218.990","-2204.8072","333","790"
"Mick Crebagga","2218.980","-64.1668","334","673"
"Dave Poirier","2215.002","563.1761","335","99"
"Maya Herman","2203.778","238.5614","336","328"
"Janet Lee","2203.700","54.5174","337","567"
"Justin Ritter","2201.686","452.3730","338","148"
"Edward Nazzal","2199.366","496.1131","339","126"
"Toby Braunhardt","2198.450","490.9567","340","130"
"Giulietta Weimer","2189.019","-268.5423","341","734"
"Bill Tyler","2186.613","257.9163","342","303"
"Pamela Stobb","2181.479","-134.4410","343","697"
"Shahid Hopkins","2180.718","-144.5229","344","701"
"Kean Nguyen","2171.962","114.3083","345","485"
"Daniel Byrd","2171.599","431.3748","346","162"
"Roy Phan","2170.716","594.5868","347","80"
"Theresa Swint","2163.624","260.8744","348","298"
"Helen Abelman","2163.300","270.8574","349","287"
"John Dryer","2152.352","-266.5525","350","732"
"Clay Rozendal","2148.852","74.4013","351","537"
"Duane Noonan","2139.790","540.5405","352","107"
"Tom Boeckenhauer","2134.030","558.3817","353","102"
"Grace Kelly","2127.346","347.7875","354","209"
"Stefanie Holloman","2096.392","260.6258","355","299"
"Liz Carlisle","2095.064","86.7780","356","522"
"Rob Haberlin","2085.740","172.6261","357","412"
"Trudy Glocke","2074.661","365.7205","358","198"
"Max Ludwig","2071.914","409.5112","359","172"
"Roger Barcio","2067.450","243.0755","360","321"
"Toby Gnade","2058.392","232.1794","361","332"
"Tom Stivers","2054.140","48.7017","362","572"
"Art Ferguson","2052.908","317.9712","363","244"
"Carlos Daly","2033.968","426.6610","364","166"
"Nicole Fjeld","2031.472","388.2131","365","185"
"Sue Ann Reed","2031.390","268.1556","366","291"
"Rick Huthwaite","2015.350","429.8545","367","164"
"Denny Joy","2012.520","483.0350","368","135"
"Victoria Brennan","2005.596","371.2398","369","194"
"Sarah Brown","1997.708","64.9747","370","548"
"Harold Pawlan","1990.314","373.8637","371","193"
"Doug Bickford","1989.050","438.8012","372","155"
"Paul Gonzalez","1987.164","334.5163","373","224"
"Nona Balk","1972.599","117.6429","374","476"
"Scott Williamson","1966.650","332.8725","375","226"
"Lisa DeCherney","1961.934","557.1714","376","103"
"Christy Brittain","1949.200","272.3883","377","285"
"Tracy Poddar","1936.640","139.2287","378","451"
"Jas O'Carroll","1934.272","202.1362","379","376"
"Jay Fein","1911.844","330.1990","380","230"
"Max Engle","1908.453","77.8128","381","535"
"Susan Vittorini","1903.491","106.8912","382","499"
"Katherine Ducich","1888.964","328.5942","383","232"
"Giulietta Dortch","1888.070","230.9373","384","335"
"Greg Maxwell","1885.916","105.4425","385","501"
"Sheri Gordon","1884.798","-119.0105","386","693"
"Lisa Ryan","1879.306","-382.8079","387","758"
"Shaun Chance","1874.998","379.5611","388","190"
"Brooke Gillingham","1874.172","107.5715","389","497"
"Stephanie Phelps","1872.436","268.4782","390","290"
"Nat Gilpin","1869.580","313.6335","391","249"
"Peter McVee","1865.752","9.2744","392","620"
"Cynthia Delaney","1860.732","403.8422","393","176"
"Skye Norling","1860.418","-716.8565","394","774"
"Patrick Ryan","1840.178","247.6226","395","314"
"Ashley Jarboe","1839.240","521.1352","396","117"
"Pamela Coakley","1832.064","272.6850","397","284"
"Emily Grady","1832.020","104.2656","398","502"
"Joseph Airdo","1827.290","229.9189","399","336"
"Noah Childs","1821.742","-359.0210","400","755"
"Janet Molinari","1804.146","502.6143","401","124"
"Jennifer Braxton","1791.605","156.0532","402","431"
"Andrew Allen","1790.512","435.8274","403","157"
"Carol Adams","1789.763","243.3997","404","320"
"Chad Cunningham","1770.945","208.5912","405","368"
"Dianna Wilson","1766.518","272.1437","406","286"
"Darrin Sayre","1762.213","193.3319","407","392"
"Monica Federle","1758.300","456.8608","408","145"
"Aaron Hawkins","1744.700","365.2152","409","199"
"Logan Haushalter","1739.689","316.5202","410","246"
"Ben Wallace","1738.406","246.9973","411","316"
"Valerie Takahito","1736.596","-224.0889","412","721"
"Adrian Hane","1735.514","-2.3146","413","635"
"Mike Vittorini","1734.574","273.8582","414","283"
"Jessica Myrick","1733.443","356.5395","415","204"
"Brad Eason","1727.652","139.2008","416","452"
"Denny Blanton","1711.692","438.9092","417","154"
"Julie Prescott","1707.710","309.7116","418","251"
"Tracy Zic","1707.286","224.8887","419","345"
"Shaun Weien","1703.976","337.0668","420","222"
"Quincy Jones","1703.438","190.5498","421","396"
"Jeremy Lonsdale","1700.774","179.2483","422","404"
"Bart Watters","1690.376","241.2614","423","324"
"Hunter Glantz","1690.324","179.6238","424","403"
"Jack O'Briant","1689.069","174.2757","425","411"
"Darren Koutras","1687.040","-107.3538","426","690"
"Meg O'Connel","1687.027","169.3437","427","417"
"Ryan Akin","1686.923","-445.6950","428","764"
"Katrina Edelman","1686.731","397.8799","429","178"
"Cathy Armstrong","1679.724","211.2559","430","362"
"Candace McMahon","1673.888","214.4630","431","357"
"Jennifer Patt","1669.135","429.7465","432","165"
"Chad McGuire","1661.610","409.0679","433","174"
"Cindy Chapman","1659.438","154.8510","434","433"
"Tracy Blumstein","1654.056","62.0071","435","553"
"Doug Jacobs","1651.838","220.1964","436","352"
"Erica Bern","1643.255","162.8781","437","423"
"Anne Pryor","1638.554","285.7888","438","266"
"Luke Weiss","1635.222","416.6531","439","171"
"Alex Avila","1633.488","423.1319","440","168"
"Annie Zypern","1622.018","154.9503","441","432"
"Maurice Satty","1613.402","247.4348","442","315"
"Tim Brockman","1602.376","260.6155","443","300"
"Craig Reiter","1600.550","306.9176","444","252"
"Joseph Holt","1596.610","573.6317","445","92"
"Alan Haines","1587.452","-378.5509","446","757"
"Benjamin Farhat","1585.162","523.2133","447","115"
"Cyma Kinney","1582.109","-338.4311","448","751"
"Mike Caudle","1581.998","121.7565","449","469"
"James Lanier","1571.523","209.2817","450","366"
"Karl Braun","1569.464","49.7193","451","571"
"George Bell","1568.440","7.8371","452","622"
"Odella Nelson","1567.520","-5.8890","453","641"
"Mark Van Huff","1560.050","189.0258","454","397"
"Tamara Chand","1552.268","581.3479","455","85"
"Maria Bertelson","1548.702","212.4250","456","360"
"Brian DeCherney","1538.110","206.7569","457","370"
"Cathy Hwang","1537.236","195.1511","458","388"
"Bruce Degenhardt","1526.500","333.9791","459","225"
"Benjamin Venier","1523.273","315.2214","460","247"
"Kelly Andreada","1519.506","234.9194","461","330"
"Ann Blume","1515.862","-274.9604","462","737"
"John Grady","1507.018","206.1019","463","371"
"Dan Lawera","1503.112","322.2449","464","235"
"Zuschuss Donatelli","1493.944","249.1307","465","313"
"Frank Carlisle","1491.152","465.4061","466","142"
"Scot Coram","1484.902","259.7000","467","301"
"Charlotte Melton","1475.144","91.2033","468","519"
"Bradley Drucker","1471.313","377.7407","469","191"
"Laurel Elliston","1469.450","161.7649","470","424"
"Ted Butterfield","1467.881","390.2113","471","183"
"Parhena Norris","1467.152","192.0396","472","394"
"Ralph Kennedy","1460.192","269.6880","473","288"
"Bradley Nguyen","1459.344","340.7054","474","219"
"Robert Marley","1458.444","435.1646","475","158"
"Delfina Latchford","1458.258","288.8732","476","264"
"Philip Brown","1456.950","280.6606","477","272"
"Andy Gerbode","1455.038","-152.7613","478","704"
"Raymond Messe","1453.474","392.1499","479","182"
"Paul Knutson","1441.152","-798.7050","480","778"
"Tamara Dahlen","1434.548","88.1897","481","521"
"Julia West","1428.731","154.0637","482","434"
"Mick Brown","1428.231","117.8057","483","475"
"Thomas Thornton","1427.044","278.7371","484","277"
"Christine Abelman","1421.954","246.0218","485","318"
"Roger Demir","1419.737","207.3304","486","369"
"Nancy Lomonaco","1418.090","343.6381","487","216"
"Jill Stevenson","1417.654","-175.5490","488","709"
"Paul MacIntyre","1405.402","157.8768","489","427"
"Bill Shonely","1401.723","250.0826","490","310"
"Guy Armstrong","1398.382","136.7079","491","456"
"Cyra Reiten","1397.872","83.2703","492","530"
"Nathan Gelder","1395.938","217.0893","493","355"
"Mark Cousins","1392.138","343.1903","494","217"
"Jeremy Ellison","1388.682","276.2197","495","280"
"Troy Blackwell","1387.559","-136.4091","496","700"
"Denise Monton","1383.502","54.3027","497","568"
"Frank Gastineau","1383.144","394.7397","498","179"
"Pierre Wener","1380.435","19.3640","499","609"
"Don Miller","1376.792","199.7688","500","381"
"Gene Hale","1361.244","-95.4498","501","685"
"Grant Thornton","1351.232","-268.6685","502","735"
"Sarah Bern","1348.020","157.6658","503","428"
"Liz MacKendrick","1346.774","-44.8780","504","663"
"Maureen Gnade","1342.282","-398.7932","505","760"
"Sarah Jordon","1341.036","-23.5137","506","652"
"Thomas Boland","1339.386","311.6842","507","250"
"Bryan Mills","1338.842","137.7439","508","454"
"Katrina Willman","1336.520","339.3350","509","220"
"Barry Franz","1333.880","-291.3811","510","740"
"Saphhira Shifley","1324.028","332.3487","511","227"
"Dario Medina","1322.034","108.7583","512","494"
"Michelle Tran","1319.450","-23.6763","513","653"
"Shirley Jackson","1318.776","68.0963","514","544"
"Magdelene Morse","1314.023","178.4020","515","406"
"Rick Hansen","1311.726","-198.3968","516","716"
"Sibella Parks","1306.086","-118.7757","517","692"
"Matt Collins","1303.893","210.7493","518","363"
"Eileen Kiefer","1303.478","97.1066","519","512"
"Corey-Lock","1300.076","205.6282","520","372"
"Denny Ordway","1300.032","-38.9086","521","660"
"Hallie Redmond","1299.288","185.5794","522","399"
"Georgia Rosenberg","1284.380","359.8332","523","202"
"Cari Sayre","1278.954","185.3776","524","400"
"Paul Stevenson","1278.639","198.5099","525","384"
"Stuart Van","1271.090","199.6502","526","382"
"Juliana Krohn","1267.708","-157.3255","527","705"
"Doug O'Connell","1267.316","294.0676","528","258"
"Carl Ludwig","1262.014","328.0847","529","233"
"Liz Willingham","1259.040","192.6312","530","393"
"Michelle Ellison","1256.944","107.3604","531","498"
"Gene McClure","1255.682","441.3185","532","153"
"Steve Carroll","1254.640","370.1578","533","196"
"Matt Hagelstein","1252.800","122.3612","534","468"
"Alejandro Grove","1246.458","345.1723","535","213"
"Elpida Rittenbach","1245.788","-295.7398","536","742"
"Tony Chapman","1244.976","119.1040","537","474"
"Joni Wasserman","1244.086","-29.5759","538","659"
"Michael Grace","1242.833","-470.7684","539","767"
"Penelope Sewall","1239.202","198.9591","540","383"
"Cathy Prescott","1238.204","343.7448","541","214"
"Patrick Jones","1220.090","442.1355","542","152"
"Erica Hernandez","1219.530","-94.1408","543","684"
"Deirdre Greer","1215.928","67.8036","544","545"
"Jack Lebron","1214.956","-207.7956","545","718"
"Robert Dilbeck","1208.692","78.3608","546","534"
"Annie Thurman","1206.744","239.0734","547","326"
"Christina DeMoss","1205.584","233.0274","548","331"
"Michael Dominguez","1204.910","-4.0403","549","638"
"Dorothy Wardle","1204.854","-266.8966","550","733"
"Cindy Stewart","1190.070","-26.4115","551","656"
"Evan Bailliet","1186.326","282.1701","552","268"
"Benjamin Patterson","1181.490","-197.2695","553","715"
"Sean Christensen","1175.145","229.1617","554","338"
"Debra Catini","1174.618","132.0682","555","461"
"Alyssa Tate","1171.814","100.8768","556","505"
"Andy Reiter","1164.488","380.3992","557","188"
"Jim Radford","1156.658","-785.1645","558","777"
"Duane Benoit","1155.202","177.6735","559","407"
"Erica Smith","1152.970","119.2355","560","473"
"Claire Gute","1148.780","169.9344","561","416"
"Kimberly Carter","1146.050","156.7797","562","429"
"Deanra Eno","1142.774","70.2034","563","540"
"Ross DeVincentis","1137.616","318.4625","564","242"
"Carl Weiss","1136.592","370.8298","565","195"
"Jim Sink","1131.064","-54.8692","566","669"
"Darrin Van Huff","1119.483","-427.1840","567","762"
"Raymond Buch","1117.379","256.1151","568","305"
"Alan Barnes","1113.838","220.8130","569","350"
"Ed Jacobs","1112.734","-53.7472","570","668"
"Phillip Flathmann","1104.648","161.7346","571","425"
"Tony Molinari","1094.678","292.5210","572","260"
"Jesus Ocampo","1090.838","167.6709","573","420"
"Scot Wooten","1085.078","-19.6062","574","650"
"Jeremy Farry","1082.918","-18.0673","575","649"
"Dennis Bolton","1081.466","291.0085","576","261"
"David Wiener","1080.751","-86.8738","577","682"
"Cindy Schnelling","1077.229","-302.8761","578","745"
"Pauline Chand","1061.488","-184.3364","579","711"
"David Philippe","1058.616","-40.9376","580","661"
"Phillina Ober","1056.858","-49.7009","581","664"
"Allen Armold","1056.390","277.3824","582","278"
"Vivek Sundaresam","1055.981","-262.8093","583","731"
"Alex Russell","1055.694","-221.0544","584","720"
"Darren Powers","1050.636","241.4524","585","323"
"Duane Huffman","1043.096","116.6670","586","482"
"Susan MacKendrick","1043.041","-237.2885","587","723"
"Eudokia Martin","1041.042","240.2362","588","325"
"Theresa Coyne","1038.260","265.5332","589","293"
"Mike Kennedy","1031.602","227.8338","590","341"
"Tiffany House","1022.201","92.7290","591","518"
"Sean Wendt","1019.044","95.8383","592","515"
"Luke Schmidt","1010.256","244.1970","593","319"
"Randy Bradley","1008.196","-164.4062","594","707"
"Lynn Smith","1008.136","348.3584","595","208"
"Bruce Geld","1006.356","119.3479","596","472"
"Tom Ashbrook","996.052","135.9075","597","458"
"Victor Preis","993.902","205.3888","598","373"
"Ken Brennan","983.922","293.5524","599","259"
"Barry Pond","983.420","209.7830","600","365"
"Toby Swindell","974.782","-184.9789","601","712"
"Russell D'Ascenzo","970.942","35.0574","602","584"
"Aimee Bixby","966.710","313.6597","603","248"
"Roy Collins","966.409","63.9914","604","552"
"Sung Shariari","964.636","-75.5860","605","676"
"Ellis Ballard","964.448","45.3364","606","575"
"Jonathan Howell","959.477","-13.5545","607","645"
"Jason Fortune-","955.124","97.2890","608","511"
"Rachel Payne","954.645","59.5384","609","557"
"Bryan Spruell","949.430","194.0516","610","391"
"Max Jones","948.026","129.8305","611","462"
"Roy Französisch","945.222","280.0261","612","273"
"Dennis Pardue","944.748","-72.4595","613","674"
"Eric Barreto","944.600","0.6042","614","628"
"Steven Roelle","941.386","322.2194","615","236"
"Maureen Fritzler","937.039","-341.5265","616","752"
"Eric Murdock","933.704","102.2960","617","504"
"Christopher Conant","929.136","112.0660","618","489"
"Alyssa Crouse","925.800","-62.1342","619","671"
"Evan Henry","923.884","242.1107","620","322"
"Mary O'Rourke","922.487","59.3577","621","559"
"Alejandro Ballentine","914.532","264.5675","622","294"
"Tom Prescott","912.831","-456.5078","623","765"
"Katrina Bavinger","908.821","274.2970","624","282"
"Gary Hwang","906.470","114.8459","625","484"
"Catherine Glotzbach","904.468","86.5106","626","524"
"Sonia Cooley","902.728","100.2253","627","507"
"Joni Blumstein","900.552","-286.9808","628","738"
"Jennifer Ferguson","899.488","175.6501","629","409"
"Henia Zydlo","886.520","-130.3879","630","695"
"Aaron Bergman","886.156","129.3465","631","463"
"Ryan Crowe","885.752","10.5633","632","618"
"Chad Sievert","884.640","143.8339","633","446"
"Harold Engle","883.532","274.4028","634","281"
"Sally Knutson","883.409","168.7933","635","418"
"Richard Eichhorn","876.696","209.2294","636","367"
"Jim Mitchum","864.947","117.2040","637","479"
"Jocasta Rupert","863.880","107.9850","638","495"
"Emily Ducich","863.598","117.0533","639","480"
"Art Foster","861.565","-163.1175","640","706"
"Julie Creighton","858.576","201.5952","641","377"
"Michael Stewart","855.116","55.2260","642","565"
"Jamie Kunitz","853.142","147.7830","643","438"
"Vicky Freymann","847.944","-96.2780","644","686"
"Vivek Gonzalez","846.010","143.6268","645","447"
"Charles Sheldon","844.458","113.1405","646","487"
"Todd Boyes","834.328","268.9670","647","289"
"Ann Steele","833.398","136.4919","648","457"
"Erica Hackney","825.950","150.3759","649","435"
"Thomas Brumley","816.174","179.0038","650","405"
"Alice McCarthy","814.012","194.9878","651","389"
"Brendan Murry","808.162","95.5816","652","516"
"George Zrebassa","804.672","168.6810","653","419"
"Karen Carlisle","800.994","318.1377","654","243"
"David Kendrick","797.832","249.9447","655","311"
"Matthew Clasen","795.154","-247.9435","656","727"
"Beth Fritzler","791.990","25.8702","657","600"
"Harry Greene","785.628","147.0032","658","439"
"Michael Granlund","776.384","171.7372","659","413"
"Muhammed MacIntyre","775.414","58.8916","660","562"
"Sandra Flanagan","763.546","228.1623","661","340"
"Steven Ward","758.696","68.2416","662","543"
"Sarah Foster","757.166","46.9988","663","574"
"Liz Pelletier","756.606","110.7813","664","492"
"Dorris liebe","755.602","175.2388","665","410"
"Justin Ellison","745.408","204.0956","666","375"
"Ivan Gibson","744.574","320.4982","667","239"
"Barry Blumstein","744.340","11.5839","668","616"
"Tracy Collins","742.558","217.9330","669","354"
"Michelle Lonsdale","742.082","138.7162","670","453"
"Ritsa Hightower","740.382","0.3057","671","630"
"Patrick Bzostek","740.356","229.2257","672","337"
"Angele Hood","738.504","83.9630","673","529"
"Henry MacAllister","736.276","117.2755","674","478"
"Patricia Hirasaki","729.648","47.8878","675","573"
"Pete Armstrong","729.408","225.8588","676","344"
"Jennifer Jackson","709.178","200.5558","677","379"
"Becky Pak","707.891","251.3967","678","309"
"Julia Dunbar","695.442","111.1141","679","490"
"Peter Bühler","688.324","218.1597","680","353"
"Eric Hoffmann","684.171","53.5398","681","569"
"Sharelle Roach","683.496","66.0656","682","546"
"Toby Ritter","675.942","220.3644","683","351"
"Alex Grayson","660.972","-5.1371","684","639"
"Berenike Kampe","659.138","-63.7644","685","672"
"Bryan Davis","658.466","141.2650","686","450"
"Anna Chung","657.316","-28.7004","687","658"
"Anthony Witt","649.376","65.7725","688","547"
"Lori Olson","644.350","150.1712","689","437"
"Joy Bell-","644.119","126.7649","690","466"
"Carol Darley","639.766","-206.7172","691","717"
"Mathew Reese","639.178","162.9363","692","422"
"Astrea Jones","629.248","60.4265","693","556"
"Ralph Ritter","615.932","-73.8350","694","675"
"Shirley Schmidt","613.400","199.9345","695","380"
"Bobby Elias","611.688","211.4976","696","361"
"Bobby Trafton","603.876","-77.5256","697","678"
"Barbara Fisher","599.798","227.4384","698","342"
"Maria Zettner","593.606","85.0191","699","526"
"Denise Leinenbach","585.020","222.6812","700","346"
"Alan Shonely","584.608","33.7158","701","587"
"Brian Derr","582.646","141.5340","702","448"
"Christopher Martinez","576.798","39.8986","703","579"
"Neil Knudson","572.048","121.2177","704","470"
"Lindsay Castell","569.954","31.8130","705","591"
"Carlos Meador","565.392","-43.7324","706","662"
"Kelly Collister","560.892","73.4216","707","538"
"Jack Garza","558.706","-17.7972","708","648"
"Chuck Sachs","550.644","156.2593","709","430"
"Cari Schnelling","537.632","105.8275","710","500"
"Alejandro Savely","535.296","113.5230","711","486"
"Mary Zewe","531.322","25.1563","712","601"
"John Huston","528.910","26.0822","713","598"
"Rob Beeghly","528.546","76.8879","714","536"
"Neoma Murray","512.029","128.9725","715","464"
"Andy Yotov","497.014","103.3499","716","503"
"Corey Roper","475.900","144.7594","717","441"
"MaryBeth Skach","475.656","84.0268","718","528"
"Joni Sundaresam","469.169","-327.9336","719","750"
"Erin Creighton","461.914","96.4256","720","513"
"Meg Tillman","460.059","120.1940","721","471"
"Khloe Miller","453.538","91.1391","722","520"
"Kelly Williams","449.096","107.9270","723","496"
"Tim Taslimi","439.500","93.9162","724","517"
"Shui Tom","433.340","84.4419","725","527"
"Vivek Grady","427.372","-52.3330","726","665"
"Pauline Johnson","424.304","81.0280","727","532"
"Sonia Sunley","418.490","135.5401","728","459"
"Brad Thomas","415.196","126.8694","729","465"
"Mark Haberlin","400.016","61.4286","730","554"
"Barry Weirich","385.516","-58.2866","731","670"
"Joy Daniels","385.430","26.7605","732","597"
"Jason Klamczynski","383.812","55.3277","733","564"
"Vivian Mathis","380.690","116.6373","734","483"
"Neil Französisch","377.162","85.9278","735","525"
"Melanie Seite","370.348","19.4312","736","608"
"Lycoris Saunders","368.880","39.1952","737","580"
"Aleksandra Gannaway","367.548","59.2884","738","560"
"Evan Minnotte","366.822","21.7721","739","606"
"Heather Jas","358.100","98.6548","740","510"
"Don Weiss","344.080","69.6672","741","541"
"Larry Tron","329.876","59.0360","742","561"
"Brendan Dodson","320.540","116.7140","743","481"
"Lisa Hazard","318.239","-242.7399","744","725"
"Jennifer Halladay","309.281","-24.0771","745","654"
"Jill Matthias","303.948","113.1204","746","488"
"Chuck Magee","287.990","64.4296","747","551"
"Larry Hughes","287.426","12.6277","748","614"
"Sung Chung","280.632","31.1757","749","592"
"Stuart Calhoun","279.256","51.8252","750","570"
"Nicole Brennan","273.872","24.7888","751","602"
"Bart Folk","272.950","110.9272","752","491"
"Jenna Caffey","271.628","117.5492","753","477"
"Dorothy Dickinson","269.542","36.4344","754","582"
"Brad Norvell","265.296","36.6131","755","581"
"Andrew Roberts","264.864","43.6695","756","576"
"Harold Dahlen","251.360","-135.8760","757","699"
"Sally Matthias","244.494","-26.5927","758","657"
"Paul Lucas","239.481","-0.7527","759","633"
"Guy Phonely","236.530","31.8376","760","590"
"Erin Mull","228.990","40.1546","761","578"
"Nora Pelletier","228.718","64.5107","762","550"
"Guy Thornton","226.436","-6.1392","763","642"
"Robert Barroso","221.084","72.6790","764","539"
"Hilary Holden","218.668","86.7342","765","523"
"Allen Goldenen","200.945","69.2784","766","542"
"Joel Jenkins","195.000","34.4492","767","585"
"Anthony Garverick","170.584","-8.4310","768","643"
"Muhammed Lee","162.232","42.6648","769","577"
"Anthony O'Donnell","161.280","12.0960","770","615"
"Pete Takahito","160.572","-20.0508","771","651"
"Dianna Arnett","156.760","56.7904","772","563"
"Michael Oakman","154.288","-82.0074","773","681"
"Greg Hansen","146.941","-5.8102","774","640"
"Phillip Breyer","132.738","21.8970","775","604"
"Bobby Odegard","130.830","59.4522","776","558"
"Ed Ludwig","124.280","27.1154","777","596"
"Clay Cheatham","113.832","33.8706","778","586"
"Roland Murray","98.350","28.6879","779","595"
"Karen Seio","88.472","0.1110","780","631"
"Anemone Ratner","88.150","32.6330","781","588"
"Fred Wasserman","79.750","23.4913","782","603"
"Ionia McGrath","72.670","30.7836","783","593"
"Jasper Cacioppo","71.263","-0.3556","784","632"
"Adrian Shami","58.820","21.8496","785","605"
"Larry Blacks","50.188","18.6507","786","610"
"Ricardo Emerson","48.360","6.0450","787","623"
"Susan Gilcrest","47.946","-3.7073","788","637"
"Roy Skaria","22.328","9.5838","789","619"
"Mitch Gastineau","16.739","-1.2453","790","634"
"Carl Jackson","16.520","1.6520","791","626"
"Lela Donovan","5.304","0.4641","792","629"
"Thais Sissman","4.833","-3.3156","793","636"
